2019-02-24 08:13:44,0.486274509804
2019-02-24 08:13:45,0.486274509804
2019-02-24 08:13:46,0.486274509804
2019-02-24 08:13:47,0.486274509804
2019-02-24 08:13:48,0.486274509804
2019-02-24 08:13:50,0.486274509804
2019-02-24 08:13:51,0.486274509804
2019-02-24 08:13:52,0.486274509804
2019-02-24 08:13:53,0.486274509804
2019-02-24 08:13:55,0.486274509804
2019-02-24 08:13:56,0.486274509804
2019-02-24 08:13:57,0.486274509804
2019-02-24 08:13:58,0.486274509804
2019-02-24 08:13:59,0.486274509804
2019-02-24 08:14:00,0.486274509804
2019-02-24 08:14:01,0.486274509804
2019-02-24 08:14:02,0.486274509804
2019-02-24 08:14:03,0.486274509804
2019-02-24 08:14:04,0.486274509804
2019-02-24 08:14:05,0.486274509804
2019-02-24 08:14:06,0.486274509804
2019-02-24 08:14:07,0.486274509804
2019-02-24 08:14:08,0.486274509804
2019-02-24 08:14:09,0.490196078431
2019-02-24 08:14:10,0.490196078431
2019-02-24 08:14:11,0.490196078431
2019-02-24 08:14:12,0.494117647059
2019-02-24 08:14:13,0.486274509804
2019-02-24 08:14:14,0.486274509804
2019-02-24 08:14:16,0.486274509804
2019-02-24 08:14:17,0.486274509804
2019-02-24 08:14:18,0.486274509804
2019-02-24 08:14:19,0.486274509804
2019-02-24 08:14:20,0.486274509804
2019-02-24 08:14:21,0.486274509804
2019-02-24 08:14:22,0.486274509804
2019-02-24 08:14:23,0.486274509804
2019-02-24 08:14:24,0.486274509804
2019-02-24 08:14:25,0.486274509804
2019-02-24 08:14:26,0.486274509804
2019-02-24 08:14:27,0.486274509804
2019-02-24 08:14:28,0.486274509804
2019-02-24 08:14:29,0.486274509804
2019-02-24 08:14:30,0.490196078431
2019-02-24 08:14:31,0.486274509804
2019-02-24 08:14:32,0.486274509804
2019-02-24 08:14:33,0.490196078431
2019-02-24 08:14:34,0.486274509804
2019-02-24 08:14:35,0.486274509804
2019-02-24 08:14:36,0.486274509804
2019-02-24 08:14:38,0.490196078431
2019-02-24 08:14:39,0.490196078431
2019-02-24 08:14:40,0.490196078431
2019-02-24 08:14:41,0.490196078431
2019-02-24 08:14:42,0.486274509804
2019-02-24 08:14:43,0.486274509804
2019-02-24 08:14:44,0.486274509804
2019-02-24 08:14:45,0.486274509804
2019-02-24 08:14:46,0.490196078431
2019-02-24 08:14:47,0.486274509804
2019-02-24 08:14:48,0.486274509804
2019-02-24 08:14:49,0.486274509804
2019-02-24 08:14:50,0.486274509804
2019-02-24 08:14:51,0.486274509804
2019-02-24 08:14:52,0.486274509804
2019-02-24 08:14:53,0.486274509804
2019-02-24 08:14:54,0.486274509804
2019-02-24 08:14:55,0.486274509804
2019-02-24 08:14:56,0.486274509804
2019-02-24 08:14:57,0.486274509804
2019-02-24 08:14:58,0.486274509804
2019-02-24 08:15:00,0.486274509804
2019-02-24 08:15:01,0.486274509804
2019-02-24 08:15:02,0.486274509804
2019-02-24 08:15:03,0.486274509804
2019-02-24 08:15:04,0.486274509804
2019-02-24 08:15:05,0.490196078431
2019-02-24 08:15:06,0.486274509804
2019-02-24 08:15:07,0.486274509804
2019-02-24 08:15:08,0.486274509804
2019-02-24 08:15:09,0.486274509804
2019-02-24 08:15:10,0.486274509804
2019-02-24 08:15:11,0.486274509804
2019-02-24 08:15:12,0.486274509804
2019-02-24 08:15:13,0.486274509804
2019-02-24 08:15:14,0.486274509804
2019-02-24 08:15:15,0.486274509804
2019-02-24 08:15:16,0.486274509804
2019-02-24 08:15:17,0.490196078431
2019-02-24 08:15:18,0.486274509804
2019-02-24 08:15:19,0.486274509804
2019-02-24 08:15:21,0.490196078431
2019-02-24 08:15:22,0.486274509804
2019-02-24 08:15:23,0.486274509804
2019-02-24 08:15:24,0.486274509804
2019-02-24 08:15:25,0.486274509804
2019-02-24 08:15:26,0.486274509804
2019-02-24 08:15:27,0.486274509804
2019-02-24 08:15:30,0.486274509804
2019-02-24 08:15:32,0.486274509804
2019-02-24 08:15:33,0.486274509804
2019-02-24 08:15:34,0.486274509804
2019-02-24 08:15:35,0.486274509804
2019-02-24 08:15:36,0.486274509804
2019-02-24 08:15:39,0.486274509804
2019-02-24 08:15:40,0.486274509804
2019-02-24 08:15:41,0.486274509804
2019-02-24 08:15:42,0.486274509804
2019-02-24 08:15:43,0.486274509804
2019-02-24 08:15:44,0.486274509804
2019-02-24 08:15:45,0.486274509804
2019-02-24 08:15:46,0.486274509804
2019-02-24 08:15:47,0.486274509804
2019-02-24 08:15:48,0.486274509804
2019-02-24 08:15:49,0.486274509804
2019-02-24 08:15:50,0.486274509804
2019-02-24 08:15:51,0.486274509804
2019-02-24 08:15:52,0.486274509804
2019-02-24 08:15:53,0.486274509804
2019-02-24 08:15:54,0.486274509804
2019-02-24 08:15:55,0.486274509804
2019-02-24 08:15:56,0.486274509804
2019-02-24 08:15:57,0.486274509804
2019-02-24 08:15:58,0.486274509804
2019-02-24 08:15:59,0.486274509804
2019-02-24 08:16:01,0.486274509804
2019-02-24 08:16:02,0.486274509804
2019-02-24 08:16:03,0.486274509804
2019-02-24 08:16:04,0.486274509804
2019-02-24 08:16:05,0.486274509804
2019-02-24 08:16:06,0.486274509804
2019-02-24 08:16:07,0.486274509804
2019-02-24 08:16:08,0.486274509804
2019-02-24 08:16:09,0.486274509804
2019-02-24 08:18:18,0.486274509804
2019-02-24 08:19:57,0.486274509804
2019-02-24 08:20:57,0.486274509804
2019-02-24 08:28:06,0.490196078431
2019-02-24 08:29:06,0.490196078431
2019-02-24 08:30:06,0.490196078431
2019-02-24 08:31:06,0.486274509804
2019-02-24 08:32:06,0.490196078431
2019-02-24 08:33:06,0.490196078431
2019-02-24 08:34:06,0.490196078431
2019-02-24 08:35:07,0.486274509804
2019-02-24 08:36:07,0.486274509804
2019-02-24 08:37:07,0.486274509804
2019-02-24 08:38:07,0.486274509804
2019-02-24 08:39:07,0.486274509804
2019-02-24 08:40:07,0.486274509804
2019-02-24 08:41:07,0.486274509804
2019-02-24 08:42:07,0.490196078431
2019-02-24 08:43:07,0.494117647059
2019-02-24 08:44:08,0.490196078431
2019-02-24 08:45:08,0.490196078431
2019-02-24 08:46:08,0.490196078431
2019-02-24 08:47:08,0.490196078431
2019-02-24 08:48:08,0.490196078431
2019-02-24 08:49:08,0.490196078431
2019-02-24 08:50:08,0.490196078431
2019-02-24 08:51:08,0.490196078431
2019-02-24 08:52:08,0.490196078431
2019-02-24 08:53:09,0.490196078431
2019-02-24 08:54:09,0.490196078431
2019-02-24 08:55:09,0.490196078431
2019-02-24 08:56:09,0.490196078431
2019-02-24 08:57:09,0.490196078431
2019-02-24 08:58:09,0.490196078431
2019-02-24 08:59:09,0.490196078431
2019-02-24 09:00:09,0.490196078431
2019-02-24 09:01:09,0.490196078431
2019-02-24 09:02:10,0.490196078431
2019-02-24 09:03:10,0.490196078431
2019-02-24 09:04:10,0.490196078431
2019-02-24 09:05:10,0.490196078431
2019-02-24 09:06:10,0.490196078431
2019-02-24 09:07:10,0.490196078431
2019-02-24 09:08:10,0.490196078431
2019-02-24 09:09:10,0.490196078431
2019-02-24 09:10:10,0.490196078431
2019-02-24 09:11:11,0.490196078431
2019-02-24 09:12:11,0.490196078431
2019-02-24 09:13:11,0.490196078431
2019-02-24 09:14:11,0.490196078431
2019-02-24 09:15:11,0.490196078431
2019-02-24 09:16:11,0.490196078431
2019-02-24 09:17:11,0.490196078431
2019-02-24 09:18:11,0.490196078431
2019-02-24 09:19:11,0.490196078431
2019-02-24 09:20:11,0.490196078431
2019-02-24 09:21:12,0.490196078431
2019-02-24 09:22:12,0.490196078431
2019-02-24 09:23:12,0.490196078431
2019-02-24 09:24:12,0.490196078431
2019-02-24 09:25:12,0.490196078431
2019-02-24 09:26:12,0.490196078431
2019-02-24 09:27:12,0.490196078431
2019-02-24 09:28:12,0.490196078431
2019-02-24 09:29:12,0.490196078431
2019-02-24 09:30:13,0.490196078431
2019-02-24 09:31:13,0.490196078431
2019-02-24 09:32:13,0.490196078431
2019-02-24 09:33:13,0.490196078431
2019-02-24 09:34:13,0.490196078431
2019-02-24 09:35:13,0.490196078431
2019-02-24 09:36:13,0.490196078431
2019-02-24 09:37:13,0.490196078431
2019-02-24 09:38:13,0.490196078431
2019-02-24 09:39:14,0.490196078431
2019-02-24 09:40:14,0.490196078431
2019-02-24 09:41:14,0.490196078431
2019-02-24 09:42:14,0.490196078431
2019-02-24 09:43:14,0.490196078431
2019-02-24 09:44:14,0.490196078431
2019-02-24 09:45:14,0.490196078431
2019-02-24 09:46:14,0.490196078431
2019-02-24 09:47:14,0.490196078431
2019-02-24 09:48:15,0.490196078431
2019-02-24 09:49:15,0.490196078431
2019-02-24 09:50:15,0.490196078431
2019-02-24 09:51:15,0.490196078431
2019-02-24 09:52:15,0.490196078431
2019-02-24 09:53:15,0.490196078431
2019-02-24 09:54:15,0.490196078431
2019-02-24 09:55:15,0.490196078431
2019-02-24 09:56:15,0.490196078431
2019-02-24 09:57:16,0.490196078431
2019-02-24 09:58:16,0.490196078431
2019-02-24 09:59:16,0.490196078431
2019-02-24 10:00:16,0.490196078431
2019-02-24 10:01:16,0.490196078431
2019-02-24 10:02:16,0.490196078431
2019-02-24 10:03:16,0.490196078431
2019-02-24 10:04:16,0.490196078431
2019-02-24 10:05:16,0.490196078431
2019-02-24 10:06:17,0.490196078431
2019-02-24 10:07:17,0.490196078431
2019-02-24 10:08:17,0.490196078431
2019-02-24 10:09:17,0.490196078431
2019-02-24 10:10:17,0.490196078431
2019-02-24 10:11:17,0.490196078431
2019-02-24 10:12:17,0.490196078431
2019-02-24 10:13:17,0.490196078431
2019-02-24 10:14:17,0.490196078431
2019-02-24 10:15:18,0.490196078431
2019-02-24 10:16:18,0.490196078431
2019-02-24 10:17:18,0.490196078431
2019-02-24 10:18:18,0.486274509804
2019-02-24 10:19:18,0.490196078431
2019-02-24 10:20:18,0.490196078431
2019-02-24 10:21:18,0.490196078431
2019-02-24 10:22:18,0.490196078431
2019-02-24 10:23:18,0.490196078431
2019-02-24 10:24:19,0.490196078431
2019-02-24 10:25:19,0.490196078431
2019-02-24 10:26:19,0.490196078431
2019-02-24 10:27:19,0.490196078431
2019-02-24 10:28:19,0.490196078431
2019-02-24 10:29:19,0.490196078431
2019-02-24 10:30:19,0.490196078431
2019-02-24 10:31:19,0.490196078431
2019-02-24 10:32:19,0.490196078431
2019-02-24 10:33:20,0.490196078431
2019-02-24 10:34:20,0.490196078431
2019-02-24 10:35:20,0.490196078431
2019-02-24 10:36:20,0.490196078431
2019-02-24 10:37:20,0.490196078431
2019-02-24 10:38:20,0.486274509804
2019-02-24 10:39:20,0.490196078431
2019-02-24 10:40:20,0.490196078431
2019-02-24 10:41:20,0.486274509804
2019-02-24 10:42:20,0.486274509804
2019-02-24 10:43:21,0.486274509804
2019-02-24 10:44:21,0.490196078431
2019-02-24 10:45:21,0.490196078431
2019-02-24 10:46:21,0.490196078431
2019-02-24 10:47:21,0.486274509804
2019-02-24 10:48:21,0.490196078431
2019-02-24 10:49:21,0.490196078431
2019-02-24 10:50:21,0.490196078431
2019-02-24 10:51:21,0.490196078431
2019-02-24 10:52:22,0.490196078431
2019-02-24 10:53:22,0.486274509804
2019-02-24 10:54:22,0.490196078431
2019-02-24 10:55:22,0.486274509804
2019-02-24 10:56:22,0.486274509804
2019-02-24 10:57:22,0.486274509804
2019-02-24 10:58:22,0.490196078431
2019-02-24 10:59:22,0.486274509804
2019-02-24 11:00:22,0.486274509804
2019-02-24 11:01:23,0.490196078431
2019-02-24 11:02:23,0.486274509804
2019-02-24 11:03:23,0.486274509804
2019-02-24 11:04:23,0.490196078431
2019-02-24 11:05:23,0.486274509804
2019-02-24 11:06:23,0.486274509804
2019-02-24 11:07:23,0.490196078431
2019-02-24 11:08:23,0.490196078431
2019-02-24 11:09:23,0.486274509804
2019-02-24 11:10:24,0.490196078431
2019-02-24 11:11:24,0.486274509804
2019-02-24 11:12:24,0.486274509804
2019-02-24 11:13:24,0.486274509804
2019-02-24 11:14:24,0.486274509804
2019-02-24 11:15:24,0.486274509804
2019-02-24 11:16:24,0.486274509804
2019-02-24 11:17:24,0.490196078431
2019-02-24 11:18:24,0.490196078431
2019-02-24 11:19:25,0.486274509804
2019-02-24 11:20:25,0.490196078431
2019-02-24 11:21:25,0.486274509804
2019-02-24 11:22:25,0.486274509804
2019-02-24 11:23:25,0.490196078431
2019-02-24 11:24:25,0.486274509804
2019-02-24 11:25:25,0.486274509804
2019-02-24 11:26:25,0.486274509804
2019-02-24 11:27:25,0.486274509804
2019-02-24 11:28:26,0.490196078431
2019-02-24 11:29:26,0.486274509804
2019-02-24 11:30:26,0.486274509804
2019-02-24 11:31:26,0.486274509804
2019-02-24 11:32:26,0.486274509804
2019-02-24 11:33:26,0.486274509804
2019-02-24 11:34:26,0.490196078431
2019-02-24 11:35:26,0.486274509804
2019-02-24 11:36:26,0.486274509804
2019-02-24 11:37:27,0.486274509804
2019-02-24 11:38:27,0.486274509804
2019-02-24 11:39:27,0.486274509804
2019-02-24 11:40:27,0.486274509804
2019-02-24 11:41:27,0.486274509804
2019-02-24 11:42:27,0.486274509804
2019-02-24 11:43:27,0.486274509804
2019-02-24 11:44:27,0.486274509804
2019-02-24 11:45:27,0.486274509804
2019-02-24 11:46:27,0.486274509804
2019-02-24 11:47:28,0.486274509804
2019-02-24 11:48:28,0.486274509804
2019-02-24 11:49:28,0.486274509804
2019-02-24 11:50:28,0.486274509804
2019-02-24 11:51:28,0.486274509804
2019-02-24 11:52:28,0.486274509804
2019-02-24 11:53:28,0.486274509804
2019-02-24 11:54:28,0.486274509804
2019-02-24 11:55:28,0.486274509804
2019-02-24 11:56:29,0.486274509804
2019-02-24 11:57:29,0.490196078431
2019-02-24 11:58:29,0.486274509804
2019-02-24 11:59:29,0.486274509804
2019-02-24 12:00:29,0.486274509804
2019-02-24 12:01:29,0.486274509804
2019-02-24 12:02:29,0.486274509804
2019-02-24 12:03:29,0.486274509804
2019-02-24 12:04:29,0.486274509804
2019-02-24 12:05:30,0.486274509804
2019-02-24 12:06:30,0.486274509804
2019-02-24 12:07:30,0.486274509804
2019-02-24 12:08:30,0.490196078431
2019-02-24 12:09:30,0.486274509804
2019-02-24 12:10:30,0.486274509804
2019-02-24 12:11:30,0.486274509804
2019-02-24 12:12:30,0.486274509804
2019-02-24 12:13:30,0.486274509804
2019-02-24 12:14:31,0.486274509804
2019-02-24 12:15:31,0.486274509804
2019-02-24 12:16:31,0.486274509804
2019-02-24 12:17:31,0.490196078431
2019-02-24 12:18:31,0.486274509804
2019-02-24 12:19:31,0.486274509804
2019-02-24 12:20:31,0.486274509804
2019-02-24 12:21:31,0.486274509804
2019-02-24 12:22:31,0.486274509804
2019-02-24 12:23:32,0.486274509804
2019-02-24 12:24:32,0.486274509804
2019-02-24 12:25:32,0.486274509804
2019-02-24 12:26:32,0.486274509804
2019-02-24 12:27:32,0.486274509804
2019-02-24 12:28:32,0.486274509804
2019-02-24 12:29:32,0.486274509804
2019-02-24 12:30:32,0.486274509804
2019-02-24 12:31:32,0.486274509804
2019-02-24 12:32:33,0.486274509804
2019-02-24 12:33:33,0.486274509804
2019-02-24 12:34:33,0.486274509804
2019-02-24 12:35:33,0.486274509804
2019-02-24 12:36:33,0.486274509804
2019-02-24 12:37:33,0.486274509804
2019-02-24 12:38:33,0.486274509804
2019-02-24 12:39:33,0.490196078431
2019-02-24 12:40:33,0.486274509804
2019-02-24 12:41:34,0.486274509804
2019-02-24 12:42:34,0.486274509804
2019-02-24 12:43:34,0.486274509804
2019-02-24 12:44:34,0.486274509804
2019-02-24 12:45:34,0.486274509804
2019-02-24 12:46:34,0.486274509804
2019-02-24 12:47:34,0.486274509804
2019-02-24 12:48:34,0.486274509804
2019-02-24 12:49:34,0.486274509804
2019-02-24 12:50:35,0.486274509804
2019-02-24 12:51:35,0.486274509804
2019-02-24 12:52:35,0.486274509804
2019-02-24 12:53:35,0.486274509804
2019-02-24 12:54:35,0.486274509804
2019-02-24 12:55:35,0.486274509804
2019-02-24 12:56:35,0.486274509804
2019-02-24 12:57:35,0.486274509804
2019-02-24 12:58:35,0.486274509804
2019-02-24 12:59:36,0.490196078431
2019-02-24 13:00:36,0.486274509804
2019-02-24 13:01:36,0.486274509804
2019-02-24 13:02:36,0.486274509804
2019-02-24 13:03:36,0.486274509804
2019-02-24 13:04:36,0.486274509804
2019-02-24 13:05:36,0.486274509804
2019-02-24 13:06:36,0.486274509804
2019-02-24 13:07:36,0.486274509804
2019-02-24 13:08:36,0.490196078431
2019-02-24 13:09:37,0.486274509804
2019-02-24 13:10:37,0.486274509804
2019-02-24 13:11:37,0.486274509804
2019-02-24 13:12:37,0.486274509804
2019-02-24 13:13:37,0.486274509804
2019-02-24 13:14:37,0.486274509804
2019-02-24 13:15:37,0.486274509804
2019-02-24 13:16:37,0.486274509804
2019-02-24 13:17:37,0.486274509804
2019-02-24 13:18:38,0.486274509804
2019-02-24 13:19:38,0.486274509804
2019-02-24 13:20:38,0.486274509804
2019-02-24 13:21:38,0.486274509804
2019-02-24 13:22:38,0.486274509804
2019-02-24 13:23:38,0.486274509804
2019-02-24 13:24:38,0.486274509804
2019-02-24 13:25:38,0.486274509804
2019-02-24 13:26:38,0.486274509804
2019-02-24 13:27:39,0.486274509804
2019-02-24 13:28:39,0.490196078431
2019-02-24 13:29:39,0.486274509804
2019-02-24 13:30:39,0.486274509804
2019-02-24 13:31:39,0.486274509804
2019-02-24 13:32:39,0.486274509804
2019-02-24 13:33:39,0.486274509804
2019-02-24 13:34:39,0.486274509804
2019-02-24 13:35:39,0.486274509804
2019-02-24 13:36:40,0.486274509804
2019-02-24 13:37:40,0.490196078431
2019-02-24 13:38:40,0.486274509804
2019-02-24 13:39:40,0.486274509804
2019-02-24 13:40:40,0.486274509804
2019-02-24 13:41:40,0.486274509804
2019-02-24 13:42:40,0.486274509804
2019-02-24 13:43:40,0.486274509804
2019-02-24 13:44:40,0.486274509804
2019-02-24 13:45:41,0.486274509804
2019-02-24 13:46:41,0.486274509804
2019-02-24 13:47:41,0.486274509804
2019-02-24 13:48:41,0.486274509804
2019-02-24 13:49:41,0.486274509804
2019-02-24 13:50:41,0.486274509804
2019-02-24 13:51:41,0.486274509804
2019-02-24 13:52:41,0.486274509804
2019-02-24 13:53:41,0.486274509804
2019-02-24 13:54:42,0.486274509804
2019-02-24 13:55:42,0.486274509804
2019-02-24 13:56:42,0.486274509804
2019-02-24 13:57:42,0.486274509804
2019-02-24 13:58:42,0.486274509804
2019-02-24 13:59:42,0.486274509804
2019-02-24 14:00:42,0.486274509804
2019-02-24 14:01:42,0.486274509804
2019-02-24 14:02:42,0.486274509804
2019-02-24 14:03:43,0.486274509804
2019-02-24 14:04:43,0.486274509804
2019-02-24 14:05:43,0.486274509804
2019-02-24 14:06:43,0.486274509804
2019-02-24 14:07:43,0.486274509804
2019-02-24 14:08:43,0.486274509804
2019-02-24 14:09:43,0.486274509804
2019-02-24 14:10:43,0.486274509804
2019-02-24 14:11:43,0.486274509804
2019-02-24 14:12:44,0.486274509804
2019-02-24 14:13:44,0.486274509804
2019-02-24 14:14:44,0.486274509804
2019-02-24 14:15:44,0.486274509804
2019-02-24 14:16:44,0.486274509804
2019-02-24 14:17:44,0.486274509804
2019-02-24 14:18:44,0.486274509804
2019-02-24 14:19:44,0.486274509804
2019-02-24 14:20:44,0.486274509804
2019-02-24 14:21:44,0.486274509804
2019-02-24 14:22:45,0.486274509804
2019-02-24 14:23:45,0.486274509804
2019-02-24 14:24:45,0.486274509804
2019-02-24 14:25:45,0.486274509804
2019-02-24 14:26:45,0.486274509804
2019-02-24 14:27:45,0.486274509804
2019-02-24 14:28:45,0.486274509804
2019-02-24 14:29:45,0.486274509804
2019-02-24 14:30:45,0.486274509804
2019-02-24 14:31:46,0.486274509804
2019-02-24 14:32:46,0.486274509804
2019-02-24 14:33:46,0.486274509804
2019-02-24 14:34:46,0.486274509804
2019-02-24 14:35:46,0.486274509804
2019-02-24 14:36:46,0.486274509804
2019-02-24 14:37:46,0.486274509804
2019-02-24 14:38:46,0.486274509804
2019-02-24 14:39:46,0.486274509804
2019-02-24 14:40:47,0.486274509804
2019-02-24 14:41:47,0.486274509804
2019-02-24 14:42:47,0.486274509804
2019-02-24 14:43:47,0.486274509804
2019-02-24 14:44:47,0.486274509804
2019-02-24 14:45:47,0.486274509804
2019-02-24 14:46:47,0.486274509804
2019-02-24 14:47:47,0.486274509804
2019-02-24 14:48:47,0.486274509804
2019-02-24 14:49:48,0.486274509804
2019-02-24 14:50:48,0.486274509804
2019-02-24 14:51:48,0.486274509804
2019-02-24 14:52:48,0.486274509804
2019-02-24 14:53:48,0.486274509804
2019-02-24 14:54:48,0.486274509804
2019-02-24 14:55:48,0.486274509804
2019-02-24 14:56:48,0.486274509804
2019-02-24 14:57:48,0.486274509804
2019-02-24 14:58:49,0.486274509804
2019-02-24 14:59:49,0.486274509804
2019-02-24 15:00:49,0.486274509804
2019-02-24 15:01:49,0.486274509804
2019-02-24 15:02:49,0.486274509804
2019-02-24 15:03:49,0.486274509804
2019-02-24 15:04:49,0.486274509804
2019-02-24 15:05:49,0.486274509804
2019-02-24 15:06:49,0.486274509804
2019-02-24 15:07:50,0.486274509804
2019-02-24 15:08:50,0.486274509804
2019-02-24 15:09:50,0.486274509804
2019-02-24 15:10:50,0.486274509804
2019-02-24 15:11:50,0.486274509804
2019-02-24 15:12:50,0.486274509804
2019-02-24 15:13:50,0.486274509804
2019-02-24 15:14:50,0.486274509804
2019-02-24 15:15:50,0.486274509804
2019-02-24 15:16:51,0.486274509804
2019-02-24 15:17:51,0.486274509804
2019-02-24 15:18:51,0.486274509804
2019-02-24 15:19:51,0.486274509804
2019-02-24 15:20:51,0.486274509804
2019-02-24 15:21:51,0.486274509804
2019-02-24 15:22:51,0.486274509804
2019-02-24 15:23:51,0.486274509804
2019-02-24 15:24:51,0.486274509804
2019-02-24 15:25:52,0.486274509804
2019-02-24 15:26:52,0.486274509804
2019-02-24 15:27:52,0.486274509804
2019-02-24 15:28:52,0.486274509804
2019-02-24 15:29:52,0.486274509804
2019-02-24 15:30:52,0.486274509804
2019-02-24 15:31:52,0.486274509804
2019-02-24 15:32:52,0.486274509804
2019-02-24 15:33:52,0.486274509804
2019-02-24 15:34:52,0.486274509804
2019-02-24 15:35:53,0.486274509804
2019-02-24 15:36:53,0.486274509804
2019-02-24 15:37:53,0.486274509804
2019-02-24 15:38:53,0.486274509804
2019-02-24 15:39:53,0.486274509804
2019-02-24 15:40:53,0.486274509804
2019-02-24 15:41:53,0.486274509804
2019-02-24 15:42:53,0.486274509804
2019-02-24 15:43:53,0.486274509804
2019-02-24 15:44:54,0.486274509804
2019-02-24 15:45:54,0.486274509804
2019-02-24 15:46:54,0.486274509804
2019-02-24 15:47:54,0.486274509804
2019-02-24 15:48:54,0.486274509804
2019-02-24 15:49:54,0.486274509804
2019-02-24 15:50:54,0.486274509804
2019-02-24 15:51:54,0.486274509804
2019-02-24 15:52:54,0.486274509804
2019-02-24 15:53:55,0.486274509804
2019-02-24 15:54:55,0.486274509804
2019-02-24 15:55:55,0.486274509804
2019-02-24 15:56:55,0.486274509804
2019-02-24 15:57:55,0.486274509804
2019-02-24 15:58:55,0.486274509804
2019-02-24 15:59:55,0.486274509804
2019-02-24 16:00:55,0.482352941176
2019-02-24 16:01:55,0.486274509804
2019-02-24 16:02:56,0.486274509804
2019-02-24 16:03:56,0.486274509804
2019-02-24 16:04:56,0.486274509804
2019-02-24 16:05:56,0.486274509804
2019-02-24 16:06:56,0.486274509804
2019-02-24 16:07:56,0.486274509804
2019-02-24 16:08:56,0.486274509804
2019-02-24 16:09:56,0.486274509804
2019-02-24 16:10:56,0.486274509804
2019-02-24 16:11:57,0.486274509804
2019-02-24 16:12:57,0.486274509804
2019-02-24 16:13:57,0.486274509804
2019-02-24 16:14:57,0.486274509804
2019-02-24 16:15:57,0.486274509804
2019-02-24 16:16:57,0.486274509804
2019-02-24 16:17:57,0.486274509804
2019-02-24 16:18:57,0.486274509804
2019-02-24 16:19:57,0.486274509804
2019-02-24 16:20:58,0.486274509804
2019-02-24 16:21:58,0.486274509804
2019-02-24 16:22:58,0.486274509804
2019-02-24 16:23:58,0.486274509804
2019-02-24 16:24:58,0.486274509804
2019-02-24 16:25:58,0.486274509804
2019-02-24 16:26:58,0.486274509804
2019-02-24 16:27:58,0.486274509804
2019-02-24 16:28:58,0.486274509804
2019-02-24 16:29:59,0.482352941176
2019-02-24 16:30:59,0.486274509804
2019-02-24 16:31:59,0.486274509804
2019-02-24 16:32:59,0.486274509804
2019-02-24 16:33:59,0.486274509804
2019-02-24 16:34:59,0.486274509804
2019-02-24 16:35:59,0.486274509804
2019-02-24 16:36:59,0.486274509804
2019-02-24 16:37:59,0.486274509804
2019-02-24 16:39:00,0.486274509804
2019-02-24 16:40:00,0.482352941176
2019-02-24 16:41:00,0.486274509804
2019-02-24 16:42:00,0.486274509804
2019-02-24 16:43:00,0.486274509804
2019-02-24 16:44:00,0.486274509804
2019-02-24 16:45:00,0.486274509804
2019-02-24 16:46:00,0.486274509804
2019-02-24 16:47:00,0.486274509804
2019-02-24 16:48:01,0.486274509804
2019-02-24 16:49:01,0.486274509804
2019-02-24 16:50:01,0.486274509804
2019-02-24 16:51:01,0.486274509804
2019-02-24 16:52:01,0.486274509804
2019-02-24 16:53:01,0.486274509804
2019-02-24 16:54:01,0.486274509804
2019-02-24 16:55:01,0.486274509804
2019-02-24 16:56:01,0.486274509804
2019-02-24 16:57:01,0.486274509804
2019-02-24 16:58:02,0.486274509804
2019-02-24 16:59:02,0.486274509804
2019-02-24 17:00:02,0.486274509804
2019-02-24 17:01:02,0.486274509804
2019-02-24 17:02:02,0.486274509804
2019-02-24 17:03:02,0.486274509804
2019-02-24 17:04:02,0.486274509804
2019-02-24 17:05:02,0.486274509804
2019-02-24 17:06:02,0.486274509804
2019-02-24 17:07:03,0.486274509804
2019-02-24 17:08:03,0.486274509804
2019-02-24 17:09:03,0.486274509804
2019-02-24 17:10:03,0.486274509804
2019-02-24 17:11:03,0.486274509804
2019-02-24 17:12:03,0.486274509804
2019-02-24 17:13:03,0.486274509804
2019-02-24 17:14:03,0.486274509804
2019-02-24 17:15:03,0.486274509804
2019-02-24 17:16:04,0.486274509804
2019-02-24 17:17:04,0.486274509804
2019-02-24 17:18:04,0.490196078431
2019-02-24 17:19:04,0.486274509804
2019-02-24 17:20:04,0.486274509804
2019-02-24 17:21:04,0.486274509804
2019-02-24 17:22:04,0.486274509804
2019-02-24 17:23:04,0.486274509804
2019-02-24 17:24:04,0.486274509804
2019-02-24 17:25:05,0.486274509804
2019-02-24 17:26:05,0.486274509804
2019-02-24 17:27:05,0.486274509804
2019-02-24 17:28:05,0.486274509804
2019-02-24 17:29:05,0.486274509804
2019-02-24 17:30:05,0.486274509804
2019-02-24 17:31:05,0.486274509804
2019-02-24 17:32:05,0.486274509804
2019-02-24 17:33:05,0.486274509804
2019-02-24 17:34:06,0.486274509804
2019-02-24 17:35:06,0.486274509804
2019-02-24 17:36:06,0.486274509804
2019-02-24 17:37:06,0.486274509804
2019-02-24 17:38:06,0.486274509804
2019-02-24 17:39:06,0.486274509804
2019-02-24 17:40:06,0.486274509804
2019-02-24 17:41:06,0.486274509804
2019-02-24 17:42:06,0.486274509804
2019-02-24 17:43:07,0.486274509804
2019-02-24 17:44:07,0.486274509804
2019-02-24 17:45:07,0.486274509804
2019-02-24 17:46:07,0.486274509804
2019-02-24 17:47:07,0.486274509804
2019-02-24 17:48:07,0.486274509804
2019-02-24 17:49:07,0.486274509804
2019-02-24 17:50:07,0.486274509804
2019-02-24 17:51:07,0.486274509804
2019-02-24 17:52:08,0.486274509804
2019-02-24 17:53:08,0.486274509804
2019-02-24 17:54:08,0.486274509804
2019-02-24 17:55:08,0.486274509804
2019-02-24 17:56:08,0.486274509804
2019-02-24 17:57:08,0.490196078431
2019-02-24 17:58:08,0.486274509804
2019-02-24 17:59:08,0.486274509804
2019-02-24 18:00:08,0.486274509804
2019-02-24 18:01:09,0.490196078431
2019-02-24 18:02:09,0.490196078431
2019-02-24 18:03:09,0.498039215686
2019-02-24 18:04:09,0.490196078431
2019-02-24 18:05:09,0.490196078431
2019-02-24 18:06:09,0.486274509804
2019-02-24 18:07:09,0.490196078431
2019-02-24 18:08:09,0.486274509804
2019-02-24 18:09:09,0.490196078431
2019-02-24 18:10:10,0.486274509804
2019-02-24 18:11:10,0.486274509804
2019-02-24 18:12:10,0.486274509804
2019-02-24 18:13:10,0.494117647059
2019-02-24 18:14:10,0.494117647059
2019-02-24 18:15:10,0.486274509804
2019-02-24 18:16:10,0.486274509804
2019-02-24 18:17:10,0.486274509804
2019-02-24 18:18:10,0.486274509804
2019-02-24 18:19:11,0.486274509804
2019-02-24 18:20:11,0.486274509804
2019-02-24 18:21:11,0.486274509804
2019-02-24 18:22:11,0.486274509804
2019-02-24 18:23:11,0.486274509804
2019-02-24 18:24:11,0.486274509804
2019-02-24 18:25:11,0.486274509804
2019-02-24 18:26:11,0.486274509804
2019-02-24 18:27:11,0.486274509804
2019-02-24 18:28:12,0.486274509804
2019-02-24 18:29:12,0.486274509804
2019-02-24 18:30:12,0.486274509804
2019-02-24 18:31:12,0.486274509804
2019-02-24 18:32:12,0.486274509804
2019-02-24 18:33:12,0.486274509804
2019-02-24 18:34:12,0.486274509804
2019-02-24 18:35:12,0.486274509804
2019-02-24 18:36:12,0.486274509804
2019-02-24 18:37:13,0.486274509804
2019-02-24 18:38:13,0.486274509804
2019-02-24 18:39:13,0.486274509804
2019-02-24 18:40:13,0.486274509804
2019-02-24 18:41:13,0.486274509804
2019-02-24 18:42:13,0.486274509804
2019-02-24 18:43:13,0.486274509804
2019-02-24 18:44:13,0.486274509804
2019-02-24 18:45:13,0.486274509804
2019-02-24 18:46:14,0.486274509804
2019-02-24 18:56:54,0.486274509804
2019-02-24 19:06:55,0.486274509804
2019-02-24 19:16:56,0.486274509804
2019-02-24 19:26:56,0.486274509804
2019-02-24 19:36:57,0.486274509804
2019-02-24 19:46:58,0.486274509804
2019-02-24 19:56:58,0.486274509804
2019-02-24 20:06:59,0.486274509804
2019-02-24 20:17:00,0.486274509804
2019-02-24 20:27:00,0.486274509804
2019-02-24 20:37:01,0.486274509804
2019-02-24 20:47:02,0.486274509804
2019-02-24 20:57:02,0.486274509804
2019-02-24 21:07:03,0.486274509804
2019-02-24 21:17:04,0.486274509804
2019-02-24 21:27:04,0.486274509804
2019-02-24 21:47:06,0.486274509804
2019-02-24 21:57:06,0.486274509804
2019-02-24 22:07:07,0.486274509804
2019-02-24 22:17:08,0.486274509804
2019-02-24 22:27:08,0.486274509804
2019-02-24 22:37:09,0.486274509804
2019-02-24 22:47:10,0.486274509804
2019-02-24 22:57:10,0.486274509804
2019-02-24 23:07:11,0.486274509804
2019-02-24 23:17:12,0.486274509804
2019-02-24 23:27:12,0.486274509804
2019-02-24 23:37:13,0.486274509804
2019-02-24 23:47:14,0.482352941176
2019-02-24 23:57:14,0.482352941176
2019-02-25 00:07:15,0.482352941176
2019-02-25 00:17:16,0.482352941176
2019-02-25 00:27:16,0.482352941176
2019-02-25 00:37:17,0.482352941176
2019-02-25 00:47:18,0.486274509804
2019-02-25 00:57:18,0.490196078431
2019-02-25 01:07:19,0.486274509804
2019-02-25 01:17:20,0.494117647059
2019-02-25 01:27:20,0.482352941176
2019-02-25 01:37:21,0.486274509804
2019-02-25 01:47:22,0.482352941176
2019-02-25 01:57:22,0.486274509804
2019-02-25 02:07:23,0.490196078431
2019-02-25 02:17:24,0.490196078431
2019-02-25 02:27:25,0.486274509804
2019-02-25 08:30:08,0.474509803922
2019-02-25 09:00:10,0.474509803922
2019-02-25 09:30:12,0.474509803922
2019-02-25 10:00:13,0.474509803922
2019-02-25 10:30:15,0.474509803922
2019-02-25 11:00:17,0.474509803922
2019-02-25 11:30:19,0.470588235294
2019-02-25 12:00:21,0.474509803922
2019-02-25 12:30:23,0.470588235294
2019-02-25 13:00:25,0.470588235294
2019-02-25 13:30:27,0.470588235294
2019-02-25 14:00:29,0.470588235294
2019-02-25 14:30:31,0.470588235294
2019-02-25 15:00:33,0.470588235294
2019-02-25 15:30:35,0.470588235294
2019-02-25 16:00:37,0.466666666667
2019-02-25 16:30:38,0.466666666667
2019-02-25 17:00:40,0.470588235294
2019-02-25 17:30:42,0.470588235294
2019-02-25 18:00:44,0.470588235294
2019-02-25 18:30:46,0.466666666667
2019-02-25 19:00:48,0.466666666667
2019-02-25 19:30:50,0.466666666667
2019-02-25 20:00:52,0.466666666667
2019-02-25 20:30:54,0.462745098039
2019-02-25 21:00:56,0.462745098039
2019-02-25 21:30:58,0.458823529412
2019-02-25 22:01:00,0.458823529412
2019-02-25 22:31:01,0.454901960784
2019-02-25 23:01:03,0.454901960784
2019-02-25 23:31:05,0.454901960784
2019-02-26 00:01:07,0.450980392157
2019-02-26 00:31:09,0.450980392157
2019-02-26 01:01:11,0.450980392157
2019-02-26 01:31:13,0.450980392157
2019-02-26 02:01:15,0.447058823529
2019-02-26 02:31:17,0.447058823529
2019-02-26 03:01:19,0.447058823529
2019-02-26 03:31:21,0.447058823529
2019-02-26 04:01:23,0.443137254902
2019-02-26 04:31:24,0.443137254902
2019-02-26 05:01:26,0.439215686275
2019-02-26 05:31:28,0.439215686275
2019-02-26 06:01:30,0.439215686275
2019-02-26 06:31:32,0.439215686275
2019-02-26 07:01:34,0.435294117647
2019-02-26 07:31:36,0.435294117647
2019-02-26 08:01:38,0.427450980392
2019-02-26 08:31:40,0.427450980392
2019-02-26 09:01:42,0.423529411765
2019-02-26 09:31:44,0.419607843137
2019-02-26 10:01:45,0.419607843137
2019-02-26 10:31:47,0.419607843137
2019-02-26 11:01:49,0.41568627451
2019-02-26 11:31:51,2
2019-02-26 12:01:53,0.411764705882
2019-02-26 12:31:55,0.411764705882
2019-02-26 13:01:57,0.407843137255
2019-02-26 13:31:59,0.403921568627
2019-02-26 14:02:01,0.4
2019-02-26 14:32:03,0.388235294118
2019-02-26 15:02:05,0.372549019608
2019-02-26 15:19:21,0.360784313725
2019-02-26 15:19:37,0.364705882353
2019-02-26 15:20:00,0.360784313725
2019-02-26 15:20:16,0.356862745098
2019-02-26 15:20:19,0.360784313725
2019-02-26 15:20:35,0.356862745098
2019-02-26 15:20:54,0.360784313725
2019-02-26 15:21:10,0.356862745098
2019-02-26 15:21:22,0.360784313725
2019-02-26 15:21:39,0.356862745098
2019-02-26 15:21:59,0.360784313725
2019-02-26 15:22:16,0.356862745098
2019-02-26 15:22:22,0.360784313725
2019-02-26 15:22:39,0.356862745098
2019-02-26 15:22:53,0.352941176471
2019-02-26 15:23:09,0.356862745098
2019-02-26 15:23:30,0.352941176471
2019-02-26 15:23:46,0.356862745098
2019-02-26 15:23:59,0.352941176471
2019-02-26 15:24:15,0.360784313725
2019-02-26 15:25:43,0.349019607843
2019-02-26 15:26:00,0.352941176471
2019-02-26 15:26:37,0.360784313725
2019-02-26 15:26:53,0.360784313725
2019-02-26 15:28:24,0.352941176471
2019-02-26 15:28:40,0.349019607843
2019-02-26 15:28:40,0.352941176471
2019-02-26 15:32:06,0.474509803922
2019-02-26 16:02:08,0.478431372549
2019-02-26 16:32:10,0.478431372549
2019-02-27 07:36:11,0.474509803922
2019-02-27 08:06:13,0.474509803922
2019-02-27 08:36:15,0.474509803922
2019-02-27 09:06:16,0.474509803922
2019-02-27 09:36:18,0.474509803922
2019-02-27 10:06:20,0.474509803922
2019-02-27 10:36:22,0.470588235294
2019-02-27 11:06:24,0.474509803922
2019-02-27 11:36:26,0.470588235294
2019-02-27 12:06:28,0.474509803922
2019-02-27 12:36:30,0.470588235294
2019-02-27 13:06:32,0.470588235294
2019-02-27 13:36:34,0.470588235294
2019-02-27 14:06:36,0.470588235294
2019-02-27 14:36:38,0.470588235294
2019-02-27 15:06:39,0.470588235294
2019-02-27 15:36:41,0.470588235294
2019-02-27 16:06:43,0.470588235294
2019-02-27 16:36:45,0.470588235294
2019-02-27 17:06:47,0.470588235294
2019-02-27 17:36:49,0.466666666667
2019-02-27 18:06:51,0.466666666667
2019-02-27 18:36:53,0.466666666667
2019-02-27 19:06:55,0.466666666667
2019-02-27 19:36:57,0.466666666667
2019-02-27 20:06:59,0.466666666667
2019-02-27 20:37:01,0.466666666667
2019-02-27 21:07:02,0.466666666667
2019-02-27 21:37:04,0.466666666667
2019-02-27 22:07:06,0.462745098039
2019-02-27 22:37:08,0.466666666667
2019-02-27 23:07:10,0.462745098039
2019-02-27 23:37:12,0.462745098039
2019-02-28 00:07:14,0.462745098039
2019-02-28 00:37:16,0.458823529412
2019-02-28 01:07:18,0.458823529412
2019-02-28 01:37:20,0.458823529412
2019-02-28 02:07:22,0.458823529412
2019-02-28 03:25:38,0.458823529412
2019-02-28 03:55:39,0.458823529412
2019-02-28 04:25:41,0.458823529412
2019-02-28 04:55:43,0.458823529412
2019-02-28 05:25:45,0.454901960784
